rank	sample	Weighted UniFrac error	Unweighted UniFrac error	L1 norm error	Completeness	Purity	F1 score	True positives	False positives	False negatives	Taxon counts	Jaccard index	Shannon diversity	Shannon equitability	Bray-Curtis distance
superkingdom		0.10191607906644756	11.628481329304597	0.3635051463723373	0.5	0.3333333333333333	0.4	1.0	2.0	1.0	3.0	0.25	0.008581024826685373	0.007810785401907785	0.18175257318616864
phylum		0.10191607906644756	11.628481329304597	0.9930192316385414	1.0	0.3157894736842105	0.4799999999999999	6.0	13.0	0.0	19.0	0.3157894736842105	1.051745784005858	0.3571973443659557	0.4965096158192706
class		0.10191607906644756	11.628481329304597	1.1603204015374968	0.9166666666666666	0.275	0.4230769230769231	11.0	29.0	1.0	40.0	0.2682926829268293	1.8324739849961915	0.49675626644632365	0.5801602007687484
order		0.10191607906644756	11.628481329304597	1.4068292158855322	0.9285714285714286	0.15476190476190477	0.2653061224489796	13.0	71.0	1.0	84.0	0.15294117647058825	2.1975415388923207	0.49596759213019137	0.7034146079427663
family		0.10191607906644756	11.628481329304597	1.4742217282138013	0.75	0.07017543859649122	0.1283422459893048	12.0	159.0	4.0	171.0	0.06857142857142857	2.408822888202274	0.4684909585645363	0.7371108641069013
genus		0.10191607906644756	11.628481329304597	1.7506328278033074	0.5454545454545454	0.02877697841726619	0.05466970387243736	12.0	405.0	10.0	417.0	0.02810304449648712	2.860575728565595	0.4741479938128079	0.8753164139016569
species		0.10191607906644756	11.628481329304597	1.9444123327015572	0.17391304347826086	0.004484304932735426	0.008743169398907102	4.0	888.0	19.0	892.0	0.0043907793633369925	3.3013139682188513	0.4859542836883305	0.9722061663507763
strain		0.10191607906644756	11.628481329304597	na	0.0	0.0	na	0.0	0.0	60.0	na	0.0	na	na	na
