rank	sample	Weighted UniFrac error	Unweighted UniFrac error	L1 norm error	Completeness	Purity	F1 score	True positives	False positives	False negatives	Taxon counts	Jaccard index	Shannon diversity	Shannon equitability	Bray-Curtis distance
superkingdom		0.10639428949886191	9.390700994217756	0.3635051463723373	0.5	0.3333333333333333	0.4	1.0	2.0	1.0	3.0	0.25	0.006262891772148288	0.00570072976312784	0.18175257318616866
phylum		0.10639428949886191	9.390700994217756	1.1329066446089848	1.0	0.3333333333333333	0.5	6.0	12.0	0.0	18.0	0.3333333333333333	0.8779395316952412	0.30374623239962506	0.5664533223044926
class		0.10639428949886191	9.390700994217756	1.227967799953792	0.9166666666666666	0.2972972972972973	0.4489795918367347	11.0	26.0	1.0	37.0	0.2894736842105263	1.6514609195591001	0.4573521081097517	0.6139838999768963
order		0.10639428949886191	9.390700994217756	1.4197648210145226	0.9285714285714286	0.18055555555555555	0.3023255813953489	13.0	59.0	1.0	72.0	0.1780821917808219	1.9484483279152465	0.4555998232481921	0.7098824105072619
family		0.10639428949886191	9.390700994217756	1.5102373440834205	0.75	0.08333333333333333	0.15	12.0	132.0	4.0	144.0	0.08108108108108109	2.043836815996188	0.41125022064119754	0.7551186720417108
genus		0.10639428949886191	9.390700994217756	1.7569668925231623	0.5454545454545454	0.034383954154727794	0.0646900269541779	12.0	337.0	10.0	349.0	0.033426183844011144	2.4269735270867465	0.414507893213688	0.878483446261583
species		0.10639428949886191	9.390700994217756	1.944412332701559	0.17391304347826086	0.005657708628005658	0.010958904109589041	4.0	703.0	19.0	707.0	0.005509641873278237	2.7160669155480752	0.4139695504954512	0.9722061663507763
strain		0.10639428949886191	9.390700994217756	na	0.0	0.0	na	0.0	0.0	60.0	na	0.0	na	na	na
