rank	sample	Weighted UniFrac error	Unweighted UniFrac error	L1 norm error	Completeness	Purity	F1 score	True positives	False positives	False negatives	Taxon counts	Jaccard index	Shannon diversity	Shannon equitability	Bray-Curtis distance
superkingdom		0.11188615795904992	1.381662721763654	0.3635051463723372	0.5	0.3333333333333333	0.4	1.0	2.0	1.0	3.0	0.25	0.008487978620041255	0.007726091094731481	0.18175257318616864
phylum		0.11188615795904992	1.381662721763654	1.1282780603799076	0.6666666666666666	0.5714285714285714	0.6153846153846153	4.0	3.0	2.0	7.0	0.4444444444444444	0.8717886559394735	0.4480107451840484	0.5641390301899539
class		0.11188615795904992	1.381662721763654	1.2234767892662624	0.75	0.6428571428571429	0.6923076923076924	9.0	5.0	3.0	14.0	0.5294117647058824	1.641648700148606	0.6220587486774825	0.6117383946331314
order		0.11188615795904992	1.381662721763654	1.419617536970014	0.8571428571428571	0.3333333333333333	0.48	12.0	24.0	2.0	36.0	0.3157894736842105	1.8868116796529795	0.5265248243576678	0.7098087684850077
family		0.11188615795904992	1.381662721763654	1.532661315341913	0.6875	0.19298245614035087	0.30136986301369867	11.0	46.0	5.0	57.0	0.1774193548387097	1.8537930790274337	0.45851337423685984	0.7663306576709572
genus		0.11188615795904992	1.381662721763654	1.7595642530128357	0.4090909090909091	0.11538461538461539	0.18000000000000002	9.0	69.0	13.0	78.0	0.0989010989010989	2.014683829816067	0.462432517287805	0.879782126506419
species		0.11188615795904992	1.381662721763654	1.9444123327015566	0.17391304347826086	0.0625	0.09195402298850575	4.0	60.0	19.0	64.0	0.04819277108433735	2.2938767741609993	0.5515607744154077	0.9722061663507767
strain		0.11188615795904992	1.381662721763654	2.000000000000001	0.0	0.0	na	0.0	6.0	60.0	6.0	0.0	1.349792396172401	0.753333479941888	1.0
