rank	sample	Weighted UniFrac error	Unweighted UniFrac error	L1 norm error	Completeness	Purity	F1 score	True positives	False positives	False negatives	Taxon counts	Jaccard index	Shannon diversity	Shannon equitability	Bray-Curtis distance
superkingdom		0.10581340217358295	6.522959832932103	0.3630104642056295	1.0	0.5	0.6666666666666666	2.0	2.0	0.0	4.0	0.5	0.017967425372883424	0.012960757741500725	0.18150523210281475
phylum		0.10581340217358295	6.522959832932103	0.9377363169309478	1.0	0.3157894736842105	0.4799999999999999	6.0	13.0	0.0	19.0	0.3157894736842105	1.230626934721982	0.41794954605252777	0.4688681584654739
class		0.10581340217358295	6.522959832932103	1.1135900625696546	1.0	0.34285714285714286	0.5106382978723404	12.0	23.0	0.0	35.0	0.34285714285714286	2.0883080212340728	0.5873709085909397	0.5567950312848271
order		0.10581340217358295	6.522959832932103	1.3920959070081722	0.9285714285714286	0.1625	0.2765957446808511	13.0	67.0	1.0	80.0	0.16049382716049382	2.482213496711791	0.5664533111393382	0.6960479535040861
family		0.10581340217358295	6.522959832932103	1.392584618492026	0.8125	0.087248322147651	0.1575757575757576	13.0	136.0	3.0	149.0	0.08552631578947369	2.892121577573191	0.5779681476871374	0.6962923092460129
genus		0.10581340217358295	6.522959832932103	1.7225768060659399	0.5454545454545454	0.03592814371257485	0.06741573033707866	12.0	322.0	10.0	334.0	0.03488372093023256	3.2840497395485584	0.5651299363614882	0.8612884030329615
species		0.10581340217358295	6.522959832932103	1.9444123327015392	0.17391304347826086	0.010050251256281407	0.019002375296912115	4.0	394.0	19.0	398.0	0.009592326139088728	3.823139324207033	0.6386319176754817	0.9722061663507765
strain		0.10581340217358295	6.522959832932103	2.000000000000001	0.0	0.0	na	0.0	44.0	60.0	44.0	0.0	3.343319099383998	0.8834967120615008	1.0
