tool	sample	Sum of abundances	Weighted UniFrac error	Unweighted UniFrac error	L1 norm error	Completeness	Purity	F1 score	True positives	False positives	False negatives	Taxon counts	Jaccard index	Shannon diversity	Shannon equitability	Bray-Curtis distance	Sum of abundances (unfiltered)	Weighted UniFrac error (unfiltered)	Unweighted UniFrac error (unfiltered)	L1 norm error (unfiltered)	Completeness (unfiltered)	Purity (unfiltered)	F1 score (unfiltered)	True positives (unfiltered)	False positives (unfiltered)	False negatives (unfiltered)	Taxon counts (unfiltered)	Jaccard index (unfiltered)	Shannon diversity (unfiltered)	Shannon equitability (unfiltered)	Bray-Curtis distance (unfiltered)
B_C8.tsv		na	0.10416710561338981	0.6951366019227329	na	0.0	0.0	na	0.0	0.0	60.0	na	0.0	na	na	na	na	0.10639428949886189	9.390700994217752	na	0.0	0.0	na	0.0	0.0	60.0	na	0.0	na	na	na
B_C16.tsv		na	0.0995530551625717	1.0696391910776821	na	0.0	0.0	na	0.0	0.0	60.0	na	0.0	na	na	na	na	0.10191607906644733	11.6284813293046	na	0.0	0.0	na	0.0	0.0	60.0	na	0.0	na	na	na
B_PlusPF.tsv		na	0.09782878551830639	4.8992514195980155	na	0.0	0.0	na	0.0	0.0	60.0	na	0.0	na	na	na	na	0.10046616858469742	18.127753932144927	na	0.0	0.0	na	0.0	0.0	60.0	na	0.0	na	na	na
K_C8.tsv		0.9166666666666669	0.10950585467751357	0.8071671472277407	1.9166666666666674	0.0	0.0	na	0.0	5.0	60.0	5.0	0.0	1.1427168420234008	0.710009894258776	1.0	1.0	0.11188615795904994	1.381662721763654	2.000000000000001	0.0	0.0	na	0.0	6.0	60.0	6.0	0.0	1.349792396172401	0.753333479941888	1.0
K_C16.tsv		0.9411764705882351	0.10564563423621752	0.7481041229789768	1.9411764705882353	0.0	0.0	na	0.0	6.0	60.0	6.0	0.0	1.4433528287118291	0.805550551566874	1.0	0.9999999999999997	0.10808830533359907	2.597679360156208	2.0	0.0	0.0	na	0.0	7.0	60.0	7.0	0.0	1.610012437185724	0.827382722664426	1.0
K_PlusPF.tsv		0.9036144578313251	0.10272396729248857	1.696724498120988	1.903614457831326	0.0	0.0	na	0.0	36.0	60.0	36.0	0.0	2.917406751644569	0.8141178550325947	1.0	0.999999999999998	0.10581340217358305	6.5229598329321	2.000000000000001	0.0	0.0	na	0.0	44.0	60.0	44.0	0.0	3.343319099383998	0.8834967120615008	1.0
M_UC.tsv		na	0.04156020635563212	0.7768456288375413	na	0.0	0.0	na	0.0	0.0	60.0	na	0.0	na	na	na	na	0.04044111124459951	0.5439028755655683	na	0.0	0.0	na	0.0	0.0	60.0	na	0.0	na	na	na
