rank	sample	Weighted UniFrac error	Unweighted UniFrac error	L1 norm error	Completeness	Purity	F1 score	True positives	False positives	False negatives	Taxon counts	Jaccard index	Shannon diversity	Shannon equitability	Bray-Curtis distance
superkingdom		0.10046616858469756	18.12775393214492	0.36330516637033744	1.0	0.5	0.6666666666666666	2.0	2.0	0.0	4.0	0.5	0.016822849241710205	0.012135120587318986	0.18165258318516875
phylum		0.10046616858469756	18.12775393214492	0.939385876280003	1.0	0.24	0.3870967741935484	6.0	19.0	0.0	25.0	0.24	1.2277862132685877	0.3814332332372158	0.46969293814000146
class		0.10046616858469756	18.12775393214492	1.1137479031514976	1.0	0.23529411764705882	0.38095238095238093	12.0	39.0	0.0	51.0	0.23529411764705882	2.0946375702016073	0.5327391817094016	0.5568739515757491
order		0.10046616858469756	18.12775393214492	1.3925050895852962	0.9285714285714286	0.1111111111111111	0.19847328244274806	13.0	104.0	1.0	117.0	0.11016949152542373	2.5014394718087836	0.5252725973594697	0.6962525447926488
family		0.10046616858469756	18.12775393214492	1.384510613696998	0.8125	0.05263157894736842	0.09885931558935361	13.0	234.0	3.0	247.0	0.052	2.986221163352924	0.5420240834176959	0.6922553068484998
genus		0.10046616858469756	18.12775393214492	1.7235746645004624	0.5454545454545454	0.019417475728155338	0.0375	12.0	606.0	10.0	618.0	0.01910828025477707	3.4957810116856307	0.5439644114864802	0.8617873322502421
species		0.10046616858469756	18.12775393214492	1.9444123327015443	0.17391304347826086	0.0027397260273972603	0.005394470667565745	4.0	1456.0	19.0	1460.0	0.002704530087897228	4.370991541328022	0.5999007043018169	0.9722061663507761
strain		0.10046616858469756	18.12775393214492	na	0.0	0.0	na	0.0	0.0	60.0	na	0.0	na	na	na
