rank	sample	Weighted UniFrac error	Unweighted UniFrac error	L1 norm error	Completeness	Purity	F1 score	True positives	False positives	False negatives	Taxon counts	Jaccard index	Shannon diversity	Shannon equitability	Bray-Curtis distance
superkingdom		0.10808830533359914	2.5976793601562074	0.3635051463723374	0.5	0.3333333333333333	0.4	1.0	2.0	1.0	3.0	0.25	0.009023257382917633	0.008213322821881846	0.1817525731861687
phylum		0.10808830533359914	2.5976793601562074	1.0101725640518742	1.0	0.42857142857142855	0.6	6.0	8.0	0.0	14.0	0.42857142857142855	1.0423043412922528	0.3949532772917092	0.5050862820259373
class		0.10808830533359914	2.5976793601562074	1.160178331149593	0.8333333333333334	0.45454545454545453	0.5882352941176471	10.0	12.0	2.0	22.0	0.4166666666666667	1.800659247175158	0.5825410923162186	0.5800891655747967
order		0.10808830533359914	2.5976793601562074	1.4067307518937833	0.9285714285714286	0.25	0.3939393939393939	13.0	39.0	1.0	52.0	0.24528301886792453	2.1284309013121594	0.5386736564243896	0.7033653759468923
family		0.10808830533359914	2.5976793601562074	1.5030731901509062	0.75	0.13186813186813187	0.22429906542056077	12.0	79.0	4.0	91.0	0.12631578947368421	2.2395225550472206	0.4964735771113636	0.7515365950754547
genus		0.10808830533359914	2.5976793601562074	1.751904236975851	0.5454545454545454	0.0784313725490196	0.13714285714285715	12.0	141.0	10.0	153.0	0.0736196319018405	2.478550082522045	0.4927105992068335	0.8759521184879289
species		0.10808830533359914	2.5976793601562074	1.944412332701552	0.17391304347826086	0.035398230088495575	0.058823529411764705	4.0	109.0	19.0	113.0	0.030303030303030304	2.6371932306584362	0.5578542171259312	0.9722061663507766
strain		0.10808830533359914	2.5976793601562074	1.9999999999999998	0.0	0.0	na	0.0	7.0	60.0	7.0	0.0	1.610012437185724	0.827382722664426	1.0
