rank	sample	Weighted UniFrac error	Unweighted UniFrac error	L1 norm error	Completeness	Purity	F1 score	True positives	False positives	False negatives	Taxon counts	Jaccard index	Shannon diversity	Shannon equitability	Bray-Curtis distance
superkingdom		0.040441111244599516	0.5439028755655683	0.3635051463723374	0.5	1.0	0.6666666666666666	1.0	0.0	1.0	1.0	0.5	0.0	0.0	0.1817525731861687
phylum		0.040441111244599516	0.5439028755655683	0.15043349264895847	0.8333333333333334	1.0	0.9090909090909091	5.0	0.0	1.0	5.0	0.8333333333333334	1.5201657540808362	0.9445320893315794	0.07521674632447924
class		0.040441111244599516	0.5439028755655683	0.4598584598584599	0.8333333333333334	0.9090909090909091	0.8695652173913043	10.0	1.0	2.0	11.0	0.7692307692307693	2.052064300139425	0.8557772824434667	0.22992922992922996
order		0.040441111244599516	0.5439028755655683	0.7348817609411609	0.7857142857142857	0.9166666666666666	0.8461538461538461	11.0	1.0	3.0	12.0	0.7333333333333333	1.960832175246223	0.7890969165435294	0.36744088047058054
family		0.040441111244599516	0.5439028755655683	0.7374450185687548	0.8125	0.7222222222222222	0.7647058823529411	13.0	5.0	3.0	18.0	0.6190476190476191	2.127654250112368	0.7361178520720942	0.3687225092843774
genus		0.040441111244599516	0.5439028755655683	0.356844073650236	0.7727272727272727	0.7727272727272727	0.7727272727272727	17.0	5.0	5.0	22.0	0.6296296296296297	2.238637009576204	0.7242336665884348	0.17842203682511804
species		0.040441111244599516	0.5439028755655683	1.576691803440288	0.7391304347826086	0.7391304347826086	0.7391304347826085	17.0	6.0	6.0	23.0	0.5862068965517241	2.244617873139677	0.7158737087558374	0.7883459017201438
strain		0.040441111244599516	0.5439028755655683	na	0.0	0.0	na	0.0	0.0	60.0	na	0.0	na	na	na
