tool	sample	Sum of abundances	Weighted UniFrac error	Unweighted UniFrac error	L1 norm error	Completeness	Purity	F1 score	True positives	False positives	False negatives	Taxon counts	Jaccard index	Shannon diversity	Shannon equitability	Bray-Curtis distance
M_UC.tsv		1.0	0.040441111244599516	0.5439028755655683	0.4598584598584599	0.8333333333333334	0.9090909090909091	0.8695652173913043	10.0	1.0	2.0	11.0	0.7692307692307693	2.052064300139425	0.8557772824434667	0.22992922992922993
K_UC.tsv		1.0	0.13708229406364839	0.9959343742872236	1.8846188846188843	0.08333333333333333	1.0	0.15384615384615385	1.0	0.0	11.0	1.0	0.08333333333333333	0.0	0.0	0.9423094423094424
K_Capped-16.tsv		1.0	0.12470134168269598	0.9947624644365343	1.8846188846188843	0.08333333333333333	1.0	0.15384615384615385	1.0	0.0	11.0	1.0	0.08333333333333333	0.0	0.0	0.9423094423094424
K_Capped-8.tsv		1.0	0.12470134168269598	0.9947624644365343	1.8846188846188843	0.08333333333333333	1.0	0.15384615384615385	1.0	0.0	11.0	1.0	0.08333333333333333	0.0	0.0	0.9423094423094424
B_UC.tsv		1.0	0.13708229406364839	0.9959343742872236	1.8846188846188843	0.08333333333333333	1.0	0.15384615384615385	1.0	0.0	11.0	1.0	0.08333333333333333	0.0	0.0	0.9423094423094424
B_Capped-16.tsv		1.0	0.13708229406364839	0.9959343742872236	1.8846188846188843	0.08333333333333333	1.0	0.15384615384615385	1.0	0.0	11.0	1.0	0.08333333333333333	0.0	0.0	0.9423094423094424
B_Capped-8.tsv		1.0	0.13708229406364839	0.9959343742872236	1.8846188846188843	0.08333333333333333	1.0	0.15384615384615385	1.0	0.0	11.0	1.0	0.08333333333333333	0.0	0.0	0.9423094423094424
