tool	sample	Sum of abundances	Weighted UniFrac error	Unweighted UniFrac error	L1 norm error	Completeness	Purity	F1 score	True positives	False positives	False negatives	Taxon counts	Jaccard index	Shannon diversity	Shannon equitability	Bray-Curtis distance
M_UC.tsv		0.9999999999999999	0.040441111244599516	0.5439028755655683	0.7374450185687548	0.8125	0.7222222222222222	0.7647058823529411	13.0	5.0	3.0	18.0	0.6190476190476191	2.127654250112368	0.7361178520720942	0.3687225092843774
K_UC.tsv		1.0	0.13708229406364839	0.9959343742872236	2.0	0.0	0.0	na	0.0	1.0	16.0	1.0	0.0	0.0	0.0	1.0
K_Capped-16.tsv		1.0	0.12470134168269598	0.9947624644365343	2.0	0.0	0.0	na	0.0	1.0	16.0	1.0	0.0	0.0	0.0	1.0
K_Capped-8.tsv		1.0	0.12470134168269598	0.9947624644365343	2.0	0.0	0.0	na	0.0	1.0	16.0	1.0	0.0	0.0	0.0	1.0
B_UC.tsv		1.0	0.13708229406364839	0.9959343742872236	2.0	0.0	0.0	na	0.0	1.0	16.0	1.0	0.0	0.0	0.0	1.0
B_Capped-16.tsv		1.0	0.13708229406364839	0.9959343742872236	2.0	0.0	0.0	na	0.0	1.0	16.0	1.0	0.0	0.0	0.0	1.0
B_Capped-8.tsv		1.0	0.13708229406364839	0.9959343742872236	2.0	0.0	0.0	na	0.0	1.0	16.0	1.0	0.0	0.0	0.0	1.0
