tool	sample	Sum of abundances	Weighted UniFrac error	Unweighted UniFrac error	L1 norm error	Completeness	Purity	F1 score	True positives	False positives	False negatives	Taxon counts	Jaccard index	Shannon diversity	Shannon equitability	Bray-Curtis distance
M_UC.tsv		0.9999999999999993	0.040441111244599516	0.5439028755655683	0.35684407365023596	0.7727272727272727	0.7727272727272727	0.7727272727272727	17.0	5.0	5.0	22.0	0.6296296296296297	2.238637009576204	0.7242336665884348	0.17842203682511798
K_UC.tsv		1.0	0.13708229406364839	0.9959343742872236	2.0000000000000004	0.0	0.0	na	0.0	1.0	22.0	1.0	0.0	0.0	0.0	1.0
K_Capped-16.tsv		na	0.12470134168269598	0.9947624644365343	na	0.0	0.0	na	0.0	0.0	22.0	na	0.0	na	na	na
K_Capped-8.tsv		na	0.12470134168269598	0.9947624644365343	na	0.0	0.0	na	0.0	0.0	22.0	na	0.0	na	na	na
B_UC.tsv		1.0	0.13708229406364839	0.9959343742872236	2.0000000000000004	0.0	0.0	na	0.0	1.0	22.0	1.0	0.0	0.0	0.0	1.0
B_Capped-16.tsv		1.0	0.13708229406364839	0.9959343742872236	2.0000000000000004	0.0	0.0	na	0.0	1.0	22.0	1.0	0.0	0.0	0.0	1.0
B_Capped-8.tsv		1.0	0.13708229406364839	0.9959343742872236	2.0000000000000004	0.0	0.0	na	0.0	1.0	22.0	1.0	0.0	0.0	0.0	1.0
