tool	sample	Sum of abundances	Weighted UniFrac error	Unweighted UniFrac error	L1 norm error	Completeness	Purity	F1 score	True positives	False positives	False negatives	Taxon counts	Jaccard index	Shannon diversity	Shannon equitability	Bray-Curtis distance
M_UC.tsv		1.0	0.040441111244599516	0.5439028755655683	0.7348817609411608	0.7857142857142857	0.9166666666666666	0.8461538461538461	11.0	1.0	3.0	12.0	0.7333333333333333	1.960832175246223	0.7890969165435294	0.3674408804705803
K_UC.tsv		1.0	0.13708229406364839	0.9959343742872236	1.9999999999999998	0.0	0.0	na	0.0	1.0	14.0	1.0	0.0	0.0	0.0	1.0
K_Capped-16.tsv		1.0	0.12470134168269598	0.9947624644365343	1.9999999999999998	0.0	0.0	na	0.0	1.0	14.0	1.0	0.0	0.0	0.0	1.0
K_Capped-8.tsv		1.0	0.12470134168269598	0.9947624644365343	1.9999999999999998	0.0	0.0	na	0.0	1.0	14.0	1.0	0.0	0.0	0.0	1.0
B_UC.tsv		1.0	0.13708229406364839	0.9959343742872236	1.9999999999999998	0.0	0.0	na	0.0	1.0	14.0	1.0	0.0	0.0	0.0	1.0
B_Capped-16.tsv		1.0	0.13708229406364839	0.9959343742872236	1.9999999999999998	0.0	0.0	na	0.0	1.0	14.0	1.0	0.0	0.0	0.0	1.0
B_Capped-8.tsv		1.0	0.13708229406364839	0.9959343742872236	1.9999999999999998	0.0	0.0	na	0.0	1.0	14.0	1.0	0.0	0.0	0.0	1.0
