tool	sample	Sum of abundances	Weighted UniFrac error	Unweighted UniFrac error	L1 norm error	Completeness	Purity	F1 score	True positives	False positives	False negatives	Taxon counts	Jaccard index	Shannon diversity	Shannon equitability	Bray-Curtis distance
M_UC.tsv		0.9999999999999999	0.040441111244599516	0.5439028755655683	0.15043349264895847	0.8333333333333334	1.0	0.9090909090909091	5.0	0.0	1.0	5.0	0.8333333333333334	1.5201657540808362	0.9445320893315794	0.07521674632447925
K_UC.tsv		1.0	0.13708229406364839	0.9959343742872236	1.5825965825965826	0.16666666666666666	1.0	0.2857142857142857	1.0	0.0	5.0	1.0	0.16666666666666666	0.0	0.0	0.7912982912982913
K_Capped-16.tsv		1.0	0.12470134168269598	0.9947624644365343	1.5825965825965826	0.16666666666666666	1.0	0.2857142857142857	1.0	0.0	5.0	1.0	0.16666666666666666	0.0	0.0	0.7912982912982913
K_Capped-8.tsv		1.0	0.12470134168269598	0.9947624644365343	1.5825965825965826	0.16666666666666666	1.0	0.2857142857142857	1.0	0.0	5.0	1.0	0.16666666666666666	0.0	0.0	0.7912982912982913
B_UC.tsv		1.0	0.13708229406364839	0.9959343742872236	1.5825965825965826	0.16666666666666666	1.0	0.2857142857142857	1.0	0.0	5.0	1.0	0.16666666666666666	0.0	0.0	0.7912982912982913
B_Capped-16.tsv		1.0	0.13708229406364839	0.9959343742872236	1.5825965825965826	0.16666666666666666	1.0	0.2857142857142857	1.0	0.0	5.0	1.0	0.16666666666666666	0.0	0.0	0.7912982912982913
B_Capped-8.tsv		1.0	0.13708229406364839	0.9959343742872236	1.5825965825965826	0.16666666666666666	1.0	0.2857142857142857	1.0	0.0	5.0	1.0	0.16666666666666666	0.0	0.0	0.7912982912982913
