tool	sample	Sum of abundances	Weighted UniFrac error	Unweighted UniFrac error	L1 norm error	Completeness	Purity	F1 score	True positives	False positives	False negatives	Taxon counts	Jaccard index	Shannon diversity	Shannon equitability	Bray-Curtis distance
M_UC.tsv		0.9999999999999993	0.040441111244599516	0.5439028755655683	1.5766918034402875	0.7391304347826086	0.7391304347826086	0.7391304347826085	17.0	6.0	6.0	23.0	0.5862068965517241	2.244617873139677	0.7158737087558374	0.7883459017201438
K_UC.tsv		1.0	0.13708229406364839	0.9959343742872236	2.0	0.0	0.0	na	0.0	1.0	23.0	1.0	0.0	0.0	0.0	1.0
K_Capped-16.tsv		na	0.12470134168269598	0.9947624644365343	na	0.0	0.0	na	0.0	0.0	23.0	na	0.0	na	na	na
K_Capped-8.tsv		na	0.12470134168269598	0.9947624644365343	na	0.0	0.0	na	0.0	0.0	23.0	na	0.0	na	na	na
B_UC.tsv		1.0	0.13708229406364839	0.9959343742872236	2.0	0.0	0.0	na	0.0	1.0	23.0	1.0	0.0	0.0	0.0	1.0
B_Capped-16.tsv		1.0	0.13708229406364839	0.9959343742872236	2.0	0.0	0.0	na	0.0	1.0	23.0	1.0	0.0	0.0	0.0	1.0
B_Capped-8.tsv		1.0	0.13708229406364839	0.9959343742872236	2.0	0.0	0.0	na	0.0	1.0	23.0	1.0	0.0	0.0	0.0	1.0
