tool	sample	Sum of abundances	Weighted UniFrac error	Unweighted UniFrac error	L1 norm error	Completeness	Purity	F1 score	True positives	False positives	False negatives	Taxon counts	Jaccard index	Shannon diversity	Shannon equitability	Bray-Curtis distance	Sum of abundances (unfiltered)	Weighted UniFrac error (unfiltered)	Unweighted UniFrac error (unfiltered)	L1 norm error (unfiltered)	Completeness (unfiltered)	Purity (unfiltered)	F1 score (unfiltered)	True positives (unfiltered)	False positives (unfiltered)	False negatives (unfiltered)	Taxon counts (unfiltered)	Jaccard index (unfiltered)	Shannon diversity (unfiltered)	Shannon equitability (unfiltered)	Bray-Curtis distance (unfiltered)
B_C8.tsv		na	0.10334119283522444	0.8504265947528308	na	0.0	0.0	na	0.0	0.0	60.0	na	0.0	na	na	na	na	0.10639428949886186	9.39070099421775	na	0.0	0.0	na	0.0	0.0	60.0	na	0.0	na	na	na
B_C16.tsv		na	0.09765074569254073	0.7884041962822699	na	0.0	0.0	na	0.0	0.0	60.0	na	0.0	na	na	na	na	0.10191607906644734	11.628481329304595	na	0.0	0.0	na	0.0	0.0	60.0	na	0.0	na	na	na
B_PlusPF.tsv		na	0.09432081733200548	0.8907502003926391	na	0.0	0.0	na	0.0	0.0	60.0	na	0.0	na	na	na	na	0.10046616858469774	18.127753932144923	na	0.0	0.0	na	0.0	0.0	60.0	na	0.0	na	na	na
K_C8.tsv		0.8333333333333335	0.10753516632016197	0.8872496019983841	1.8333333333333344	0.0	0.0	na	0.0	4.0	60.0	4.0	0.0	0.9356412878744009	0.6749225230336806	1.0	1.0	0.11188615795904991	1.3816627217636543	2.0000000000000013	0.0	0.0	na	0.0	6.0	60.0	6.0	0.0	1.349792396172401	0.753333479941888	1.0
K_C16.tsv		0.8235294117647056	0.10393494148176949	0.8537664749073706	1.8235294117647056	0.0	0.0	na	0.0	4.0	60.0	4.0	0.0	1.1100336117640393	0.8007199934560222	1.0	0.9999999999999997	0.10808830533359905	2.5976793601562083	2.0	0.0	0.0	na	0.0	7.0	60.0	7.0	0.0	1.610012437185724	0.827382722664426	1.0
K_PlusPF.tsv		0.8072289156626502	0.09872412616472409	0.6446986979061952	1.8072289156626502	0.0	0.0	na	0.0	28.0	60.0	28.0	0.0	2.4914944039051385	0.7477015280115981	1.0	0.999999999999998	0.10581340217358302	6.522959832932101	1.9999999999999998	0.0	0.0	na	0.0	44.0	60.0	44.0	0.0	3.343319099383998	0.8834967120615008	1.0
M_UC.tsv		na	0.04509771661440469	0.829464253893595	na	0.0	0.0	na	0.0	0.0	60.0	na	0.0	na	na	na	na	0.04044111124459951	0.5439028755655683	na	0.0	0.0	na	0.0	0.0	60.0	na	0.0	na	na	na
