rank	sample	Weighted UniFrac error	Unweighted UniFrac error	L1 norm error	Completeness	Purity	F1 score	True positives	False positives	False negatives	Taxon counts	Jaccard index	Shannon diversity	Shannon equitability	Bray-Curtis distance
superkingdom		0.13708229406364839	0.9959343742872236	0.3635051463723374	0.5	1.0	0.6666666666666666	1.0	0.0	1.0	1.0	0.5	0.0	0.0	0.1817525731861687
phylum		0.13708229406364839	0.9959343742872236	1.5825965825965826	0.16666666666666666	1.0	0.2857142857142857	1.0	0.0	5.0	1.0	0.16666666666666666	0.0	0.0	0.7912982912982913
class		0.13708229406364839	0.9959343742872236	1.8846188846188843	0.08333333333333333	1.0	0.15384615384615385	1.0	0.0	11.0	1.0	0.08333333333333333	0.0	0.0	0.9423094423094424
order		0.13708229406364839	0.9959343742872236	1.9999999999999998	0.0	0.0	na	0.0	1.0	14.0	1.0	0.0	0.0	0.0	1.0
family		0.13708229406364839	0.9959343742872236	2.0	0.0	0.0	na	0.0	1.0	16.0	1.0	0.0	0.0	0.0	1.0
genus		0.13708229406364839	0.9959343742872236	2.0000000000000004	0.0	0.0	na	0.0	1.0	22.0	1.0	0.0	0.0	0.0	1.0
species		0.13708229406364839	0.9959343742872236	2.0	0.0	0.0	na	0.0	1.0	23.0	1.0	0.0	0.0	0.0	1.0
strain		0.13708229406364839	0.9959343742872236	na	0.0	0.0	na	0.0	0.0	60.0	na	0.0	na	na	na
