tool	sample	Sum of abundances	Weighted UniFrac error	Unweighted UniFrac error	L1 norm error	Completeness	Purity	F1 score	True positives	False positives	False negatives	Taxon counts	Jaccard index	Shannon diversity	Shannon equitability	Bray-Curtis distance
K_PlusPF		1.0000000000000002	0.10581340217358295	6.522959832932103	1.1135900625696546	1.0	0.34285714285714286	0.5106382978723404	12.0	23.0	0.0	35.0	0.34285714285714286	2.0883080212340728	0.5873709085909397	0.5567950312848271
K_C16		0.9999999999999996	0.10808830533359914	2.5976793601562065	1.160178331149593	0.8333333333333334	0.45454545454545453	0.5882352941176471	10.0	12.0	2.0	22.0	0.4166666666666667	1.800659247175158	0.5825410923162186	0.5800891655747966
K_C8		0.9999999999999996	0.11188615795904992	1.381662721763654	1.2234767892662624	0.75	0.6428571428571429	0.6923076923076924	9.0	5.0	3.0	14.0	0.5294117647058824	1.641648700148606	0.6220587486774825	0.6117383946331314
B_PlusPF		0.9999999999999991	0.10045885645653575	18.113871398132442	1.1137479031514979	1.0	0.23529411764705882	0.38095238095238093	12.0	39.0	0.0	51.0	0.23529411764705882	2.0946375702016073	0.5327391817094016	0.5568739515757493
B_C16		1.0000000000000007	0.10191607906644756	11.628481329304597	1.1603204015374968	0.9166666666666666	0.275	0.4230769230769231	11.0	29.0	1.0	40.0	0.2682926829268293	1.8324739849961915	0.49675626644632365	0.5801602007687484
B_C8		0.9999999999999984	0.10639428949886191	9.390700994217756	1.227967799953792	0.9166666666666666	0.2972972972972973	0.4489795918367347	11.0	26.0	1.0	37.0	0.2894736842105263	1.6514609195591001	0.4573521081097517	0.6139838999768963
M_UC.tsv		1.0	0.04044111124459951	0.5439028755655683	0.45985845985845986	0.8333333333333334	0.9090909090909091	0.8695652173913043	10.0	1.0	2.0	11.0	0.7692307692307693	2.052064300139425	0.8557772824434667	0.22992922992922996
