tool	sample	Sum of abundances	Weighted UniFrac error	Unweighted UniFrac error	L1 norm error	Completeness	Purity	F1 score	True positives	False positives	False negatives	Taxon counts	Jaccard index	Shannon diversity	Shannon equitability	Bray-Curtis distance
K_PlusPF		1.000000000000003	0.10581340217358295	6.522959832932103	1.392584618492026	0.8125	0.087248322147651	0.1575757575757576	13.0	136.0	3.0	149.0	0.08552631578947369	2.892121577573191	0.5779681476871374	0.6962923092460129
K_C16		0.9999999999999949	0.10808830533359914	2.5976793601562065	1.503073190150906	0.75	0.13186813186813187	0.22429906542056077	12.0	79.0	4.0	91.0	0.12631578947368421	2.2395225550472206	0.4964735771113636	0.7515365950754546
K_C8		0.9999999999999991	0.11188615795904992	1.381662721763654	1.532661315341913	0.6875	0.19298245614035087	0.30136986301369867	11.0	46.0	5.0	57.0	0.1774193548387097	1.8537930790274337	0.45851337423685984	0.7663306576709572
B_PlusPF		1.000000000000002	0.10045885645653575	18.113871398132442	1.3845106136969978	0.8125	0.05263157894736842	0.09885931558935361	13.0	234.0	3.0	247.0	0.052	2.986221163352924	0.5420240834176959	0.6922553068484999
B_C16		1.0	0.10191607906644756	11.628481329304597	1.4742217282138013	0.75	0.07017543859649122	0.1283422459893048	12.0	159.0	4.0	171.0	0.06857142857142857	2.408822888202274	0.4684909585645363	0.7371108641069013
B_C8		0.9999999999999954	0.10639428949886191	9.390700994217756	1.5102373440834205	0.75	0.08333333333333333	0.15	12.0	132.0	4.0	144.0	0.08108108108108109	2.043836815996188	0.41125022064119754	0.7551186720417108
M_UC.tsv		0.9999999999999999	0.04044111124459951	0.5439028755655683	0.7374450185687548	0.8125	0.7222222222222222	0.7647058823529411	13.0	5.0	3.0	18.0	0.6190476190476191	2.127654250112368	0.7361178520720942	0.36872250928437744
