tool	sample	Sum of abundances	Weighted UniFrac error	Unweighted UniFrac error	L1 norm error	Completeness	Purity	F1 score	True positives	False positives	False negatives	Taxon counts	Jaccard index	Shannon diversity	Shannon equitability	Bray-Curtis distance
K_PlusPF		0.9999999999999997	0.10581340217358295	6.522959832932103	1.3920959070081722	0.9285714285714286	0.1625	0.2765957446808511	13.0	67.0	1.0	80.0	0.16049382716049382	2.482213496711791	0.5664533111393382	0.6960479535040861
K_C16		0.9999999999999984	0.10808830533359914	2.5976793601562065	1.4067307518937837	0.9285714285714286	0.25	0.3939393939393939	13.0	39.0	1.0	52.0	0.24528301886792453	2.1284309013121594	0.5386736564243896	0.7033653759468924
K_C8		0.9999999999999989	0.11188615795904992	1.381662721763654	1.419617536970014	0.8571428571428571	0.3333333333333333	0.48	12.0	24.0	2.0	36.0	0.3157894736842105	1.8868116796529795	0.5265248243576678	0.7098087684850077
B_PlusPF		0.9999999999999986	0.10045885645653575	18.113871398132442	1.3925050895852953	0.9285714285714286	0.1111111111111111	0.19847328244274806	13.0	104.0	1.0	117.0	0.11016949152542373	2.5014394718087836	0.5252725973594697	0.6962525447926485
B_C16		0.9999999999999986	0.10191607906644756	11.628481329304597	1.4068292158855322	0.9285714285714286	0.15476190476190477	0.2653061224489796	13.0	71.0	1.0	84.0	0.15294117647058825	2.1975415388923207	0.49596759213019137	0.7034146079427663
B_C8		0.9999999999999991	0.10639428949886191	9.390700994217756	1.4197648210145226	0.9285714285714286	0.18055555555555555	0.3023255813953489	13.0	59.0	1.0	72.0	0.1780821917808219	1.9484483279152465	0.4555998232481921	0.7098824105072619
M_UC.tsv		1.0	0.04044111124459951	0.5439028755655683	0.7348817609411609	0.7857142857142857	0.9166666666666666	0.8461538461538461	11.0	1.0	3.0	12.0	0.7333333333333333	1.960832175246223	0.7890969165435294	0.36744088047058043
