tool	sample	Sum of abundances	Weighted UniFrac error	Unweighted UniFrac error	L1 norm error	Completeness	Purity	F1 score	True positives	False positives	False negatives	Taxon counts	Jaccard index	Shannon diversity	Shannon equitability	Bray-Curtis distance
K_PlusPF		0.999999999999998	0.10581340217358295	6.522959832932103	2.000000000000001	0.0	0.0	na	0.0	44.0	60.0	44.0	0.0	3.343319099383998	0.8834967120615008	1.0
K_C16		0.9999999999999997	0.10808830533359914	2.5976793601562065	1.9999999999999998	0.0	0.0	na	0.0	7.0	60.0	7.0	0.0	1.610012437185724	0.827382722664426	1.0
K_C8		1.0	0.11188615795904992	1.381662721763654	2.000000000000001	0.0	0.0	na	0.0	6.0	60.0	6.0	0.0	1.349792396172401	0.753333479941888	1.0
B_PlusPF		na	0.10045885645653575	18.113871398132442	na	0.0	0.0	na	0.0	0.0	60.0	na	0.0	na	na	na
B_C16		na	0.10191607906644756	11.628481329304597	na	0.0	0.0	na	0.0	0.0	60.0	na	0.0	na	na	na
B_C8		na	0.10639428949886191	9.390700994217756	na	0.0	0.0	na	0.0	0.0	60.0	na	0.0	na	na	na
M_UC.tsv		na	0.04044111124459951	0.5439028755655683	na	0.0	0.0	na	0.0	0.0	60.0	na	0.0	na	na	na
