tool	sample	Sum of abundances	Weighted UniFrac error	Unweighted UniFrac error	L1 norm error	Completeness	Purity	F1 score	True positives	False positives	False negatives	Taxon counts	Jaccard index	Shannon diversity	Shannon equitability	Bray-Curtis distance
Kraken_PlusPF_CAMI_Output.tsv		1.0	0.13708229406364839	0.9959343742872238	1.8846188846188847	0.08333333333333333	1.0	0.15384615384615385	1.0	0.0	11.0	1.0	0.08333333333333333	0.0	0.0	0.9423094423094424
Kraken_Capped16_CAMI_Output.tsv		1.0	0.12470134168269598	0.9947624644365346	1.8846188846188847	0.08333333333333333	1.0	0.15384615384615385	1.0	0.0	11.0	1.0	0.08333333333333333	0.0	0.0	0.9423094423094424
Kraken_Capped8_CAMI_Output.tsv		1.0	0.12470134168269598	0.9947624644365346	1.8846188846188847	0.08333333333333333	1.0	0.15384615384615385	1.0	0.0	11.0	1.0	0.08333333333333333	0.0	0.0	0.9423094423094424
Bracken_PlusPF_CAMI_Output.tsv		1.0	0.13708229406364839	0.9959343742872238	1.8846188846188847	0.08333333333333333	1.0	0.15384615384615385	1.0	0.0	11.0	1.0	0.08333333333333333	0.0	0.0	0.9423094423094424
Bracken_Capped16_CAMI_Output.tsv		1.0	0.13708229406364839	0.9959343742872238	1.8846188846188847	0.08333333333333333	1.0	0.15384615384615385	1.0	0.0	11.0	1.0	0.08333333333333333	0.0	0.0	0.9423094423094424
Bracken_Capped8_CAMI_Output.tsv		1.0	0.13708229406364839	0.9959343742872238	1.8846188846188847	0.08333333333333333	1.0	0.15384615384615385	1.0	0.0	11.0	1.0	0.08333333333333333	0.0	0.0	0.9423094423094424
