tool	sample	Sum of abundances	Weighted UniFrac error	Unweighted UniFrac error	L1 norm error	Completeness	Purity	F1 score	True positives	False positives	False negatives	Taxon counts	Jaccard index	Shannon diversity	Shannon equitability	Bray-Curtis distance	Sum of abundances (unfiltered)	Weighted UniFrac error (unfiltered)	Unweighted UniFrac error (unfiltered)	L1 norm error (unfiltered)	Completeness (unfiltered)	Purity (unfiltered)	F1 score (unfiltered)	True positives (unfiltered)	False positives (unfiltered)	False negatives (unfiltered)	Taxon counts (unfiltered)	Jaccard index (unfiltered)	Shannon diversity (unfiltered)	Shannon equitability (unfiltered)	Bray-Curtis distance (unfiltered)
B_C8.tsv		na	0.10557051728248762	4.559560522132821	na	0.0	0.0	na	0.0	0.0	60.0	na	0.0	na	na	na	na	0.10639428949886191	9.39070099421775	na	0.0	0.0	na	0.0	0.0	60.0	na	0.0	na	na	na
B_C16.tsv		na	0.10109415232438894	6.633855851120612	na	0.0	0.0	na	0.0	0.0	60.0	na	0.0	na	na	na	na	0.10191607906644745	11.628481329304595	na	0.0	0.0	na	0.0	0.0	60.0	na	0.0	na	na	na
B_PlusPF.tsv		na	0.09925059847935382	12.708588274626331	na	0.0	0.0	na	0.0	0.0	60.0	na	0.0	na	na	na	na	0.10045885645653602	18.11387139813244	na	0.0	0.0	na	0.0	0.0	60.0	na	0.0	na	na	na
K_C8.tsv		1.0000000000000002	0.11114313132623284	0.6637683946341265	2.000000000000001	0.0	0.0	na	0.0	6.0	60.0	6.0	0.0	1.349792396172401	0.753333479941888	1.0	1.0	0.11188615795904991	1.3816627217636537	2.000000000000001	0.0	0.0	na	0.0	6.0	60.0	6.0	0.0	1.349792396172401	0.753333479941888	1.0
K_C16.tsv		0.9999999999999997	0.10733224834027665	1.2583483795432469	2.0	0.0	0.0	na	0.0	7.0	60.0	7.0	0.0	1.610012437185724	0.827382722664426	1.0	0.9999999999999997	0.10808830533359906	2.597679360156207	2.0	0.0	0.0	na	0.0	7.0	60.0	7.0	0.0	1.610012437185724	0.827382722664426	1.0
K_PlusPF.tsv		0.9759036144578311	0.10452280364315929	4.527769351924659	1.9759036144578308	0.0	0.0	na	0.0	42.0	60.0	42.0	0.0	3.236841012449142	0.86600511629376	1.0	0.999999999999998	0.10581340217358308	6.522959832932098	1.9999999999999998	0.0	0.0	na	0.0	44.0	60.0	44.0	0.0	3.343319099383998	0.8834967120615008	1.0
M_UC.tsv		na	0.04087435849062221	0.7280044788806335	na	0.0	0.0	na	0.0	0.0	60.0	na	0.0	na	na	na	na	0.04044111124459951	0.5439028755655684	na	0.0	0.0	na	0.0	0.0	60.0	na	0.0	na	na	na
