tool	sample	Sum of abundances	Weighted UniFrac error	Unweighted UniFrac error	L1 norm error	Completeness	Purity	F1 score	True positives	False positives	False negatives	Taxon counts	Jaccard index	Shannon diversity	Shannon equitability	Bray-Curtis distance
B_C8.tsv		1.0000000000000004	0.10639428949886191	9.39070099421775	1.7569668925231625	0.5454545454545454	0.034383954154727794	0.0646900269541779	12.0	337.0	10.0	349.0	0.033426183844011144	2.4269735270867465	0.414507893213688	0.8784834462615829
B_C16.tsv		0.9999999999999908	0.10191607906644727	11.628481329304597	1.750632827803309	0.5454545454545454	0.02877697841726619	0.05466970387243736	12.0	405.0	10.0	417.0	0.02810304449648712	2.860575728565595	0.4741479938128079	0.8753164139016569
B_PlusPF.tsv		0.9999999999999768	0.10046616858469756	18.12775393214492	1.7235746645004624	0.5454545454545454	0.019417475728155338	0.0375	12.0	606.0	10.0	618.0	0.01910828025477707	3.4957810116856307	0.5439644114864802	0.8617873322502421
K_C8.tsv		0.9999999999999971	0.11188615795904994	1.381662721763654	1.7595642530128357	0.4090909090909091	0.11538461538461539	0.18000000000000002	9.0	69.0	13.0	78.0	0.0989010989010989	2.014683829816067	0.462432517287805	0.8797821265064187
K_C16.tsv		0.9999999999999999	0.10808830533359914	2.5976793601562074	1.751904236975851	0.5454545454545454	0.0784313725490196	0.13714285714285715	12.0	141.0	10.0	153.0	0.0736196319018405	2.478550082522045	0.4927105992068335	0.8759521184879289
K_PlusPF.tsv		1.000000000000023	0.10581340217358301	6.522959832932102	1.7225768060659408	0.5454545454545454	0.03592814371257485	0.06741573033707866	12.0	322.0	10.0	334.0	0.03488372093023256	3.2840497395485584	0.5651299363614882	0.8612884030329614
M_UC.tsv		0.9999999999999993	0.040441111244599516	0.5439028755655683	0.356844073650236	0.7727272727272727	0.7727272727272727	0.7727272727272727	17.0	5.0	5.0	22.0	0.6296296296296297	2.238637009576204	0.7242336665884348	0.17842203682511804
