tool	sample	Sum of abundances	Weighted UniFrac error	Unweighted UniFrac error	L1 norm error	Completeness	Purity	F1 score	True positives	False positives	False negatives	Taxon counts	Jaccard index	Shannon diversity	Shannon equitability	Bray-Curtis distance
B_C8.tsv		0.9999999999999994	0.10639428949886191	9.39070099421775	1.1329066446089846	1.0	0.3333333333333333	0.5	6.0	12.0	0.0	18.0	0.3333333333333333	0.8779395316952412	0.30374623239962506	0.5664533223044925
B_C16.tsv		0.9999999999999999	0.10191607906644727	11.628481329304597	0.9930192316385414	1.0	0.3157894736842105	0.4799999999999999	6.0	13.0	0.0	19.0	0.3157894736842105	1.051745784005858	0.3571973443659557	0.4965096158192708
B_PlusPF.tsv		1.0000000000000002	0.10046616858469756	18.12775393214492	0.939385876280003	1.0	0.24	0.3870967741935484	6.0	19.0	0.0	25.0	0.24	1.2277862132685877	0.3814332332372158	0.46969293814000146
K_C8.tsv		1.0	0.11188615795904994	1.381662721763654	1.1282780603799076	0.6666666666666666	0.5714285714285714	0.6153846153846153	4.0	3.0	2.0	7.0	0.4444444444444444	0.8717886559394735	0.4480107451840484	0.5641390301899538
K_C16.tsv		0.9999999999999996	0.10808830533359914	2.5976793601562074	1.0101725640518742	1.0	0.42857142857142855	0.6	6.0	8.0	0.0	14.0	0.42857142857142855	1.0423043412922528	0.3949532772917092	0.5050862820259373
K_PlusPF.tsv		0.9999999999999999	0.10581340217358301	6.522959832932102	0.9377363169309478	1.0	0.3157894736842105	0.4799999999999999	6.0	13.0	0.0	19.0	0.3157894736842105	1.230626934721982	0.41794954605252777	0.4688681584654739
M_UC.tsv		0.9999999999999999	0.040441111244599516	0.5439028755655683	0.15043349264895847	0.8333333333333334	1.0	0.9090909090909091	5.0	0.0	1.0	5.0	0.8333333333333334	1.5201657540808362	0.9445320893315794	0.07521674632447924
