tool	sample	Sum of abundances	Weighted UniFrac error	Unweighted UniFrac error	L1 norm error	Completeness	Purity	F1 score	True positives	False positives	False negatives	Taxon counts	Jaccard index	Shannon diversity	Shannon equitability	Bray-Curtis distance
B_C8.tsv		0.9999999999999516	0.10639428949886191	9.39070099421775	1.9444123327015488	0.17391304347826086	0.005657708628005658	0.010958904109589041	4.0	703.0	19.0	707.0	0.005509641873278237	2.7160669155480752	0.4139695504954512	0.9722061663507764
B_C16.tsv		0.999999999999945	0.10191607906644727	11.628481329304597	1.94441233270155	0.17391304347826086	0.004484304932735426	0.008743169398907102	4.0	888.0	19.0	892.0	0.0043907793633369925	3.3013139682188513	0.4859542836883305	0.9722061663507765
B_PlusPF.tsv		1.0000000000000016	0.10046616858469756	18.12775393214492	1.9444123327015443	0.17391304347826086	0.0027397260273972603	0.005394470667565745	4.0	1456.0	19.0	1460.0	0.002704530087897228	4.370991541328022	0.5999007043018169	0.9722061663507761
K_C8.tsv		1.000000000000003	0.11188615795904994	1.381662721763654	1.944412332701557	0.17391304347826086	0.0625	0.09195402298850575	4.0	60.0	19.0	64.0	0.04819277108433735	2.2938767741609993	0.5515607744154077	0.9722061663507766
K_C16.tsv		1.0000000000000029	0.10808830533359914	2.5976793601562074	1.944412332701552	0.17391304347826086	0.035398230088495575	0.058823529411764705	4.0	109.0	19.0	113.0	0.030303030303030304	2.6371932306584362	0.5578542171259312	0.9722061663507766
K_PlusPF.tsv		0.9999999999999857	0.10581340217358301	6.522959832932102	1.944412332701539	0.17391304347826086	0.010050251256281407	0.019002375296912115	4.0	394.0	19.0	398.0	0.009592326139088728	3.823139324207033	0.6386319176754817	0.9722061663507765
M_UC.tsv		0.9999999999999993	0.040441111244599516	0.5439028755655683	1.576691803440288	0.7391304347826086	0.7391304347826086	0.7391304347826085	17.0	6.0	6.0	23.0	0.5862068965517241	2.244617873139677	0.7158737087558374	0.7883459017201438
