tool	sample	Sum of abundances	Weighted UniFrac error	Unweighted UniFrac error	L1 norm error	Completeness	Purity	F1 score	True positives	False positives	False negatives	Taxon counts	Jaccard index	Shannon diversity	Shannon equitability	Bray-Curtis distance
B_C8.tsv		na	0.10639428949886191	9.39070099421775	na	0.0	0.0	na	0.0	0.0	60.0	na	0.0	na	na	na
B_C16.tsv		na	0.10191607906644727	11.628481329304597	na	0.0	0.0	na	0.0	0.0	60.0	na	0.0	na	na	na
B_PlusPF.tsv		na	0.10046616858469756	18.12775393214492	na	0.0	0.0	na	0.0	0.0	60.0	na	0.0	na	na	na
K_C8.tsv		1.0	0.11188615795904994	1.381662721763654	2.0000000000000004	0.0	0.0	na	0.0	6.0	60.0	6.0	0.0	1.349792396172401	0.753333479941888	1.0
K_C16.tsv		0.9999999999999997	0.10808830533359914	2.5976793601562074	1.9999999999999998	0.0	0.0	na	0.0	7.0	60.0	7.0	0.0	1.610012437185724	0.827382722664426	1.0
K_PlusPF.tsv		0.999999999999998	0.10581340217358301	6.522959832932102	1.9999999999999998	0.0	0.0	na	0.0	44.0	60.0	44.0	0.0	3.343319099383998	0.8834967120615008	1.0
M_UC.tsv		na	0.040441111244599516	0.5439028755655683	na	0.0	0.0	na	0.0	0.0	60.0	na	0.0	na	na	na
