tool	sample	Sum of abundances	Weighted UniFrac error	Unweighted UniFrac error	L1 norm error	Completeness	Purity	F1 score	True positives	False positives	False negatives	Taxon counts	Jaccard index	Shannon diversity	Shannon equitability	Bray-Curtis distance
B_C8.tsv		1.0	0.10639428949886191	9.39070099421775	0.3635051463723373	0.5	0.3333333333333333	0.4	1.0	2.0	1.0	3.0	0.25	0.006262891772148288	0.00570072976312784	0.18175257318616866
B_C16.tsv		1.0	0.10191607906644727	11.628481329304597	0.3635051463723374	0.5	0.3333333333333333	0.4	1.0	2.0	1.0	3.0	0.25	0.008581024826685373	0.007810785401907785	0.1817525731861687
B_PlusPF.tsv		1.0	0.10046616858469756	18.12775393214492	0.36330516637033744	1.0	0.5	0.6666666666666666	2.0	2.0	0.0	4.0	0.5	0.016822849241710205	0.012135120587318986	0.18165258318516875
K_C8.tsv		0.9999999999999999	0.11188615795904994	1.381662721763654	0.3635051463723372	0.5	0.3333333333333333	0.4	1.0	2.0	1.0	3.0	0.25	0.008487978620041255	0.007726091094731481	0.18175257318616864
K_C16.tsv		1.0	0.10808830533359914	2.5976793601562074	0.3635051463723374	0.5	0.3333333333333333	0.4	1.0	2.0	1.0	3.0	0.25	0.009023257382917633	0.008213322821881846	0.1817525731861687
K_PlusPF.tsv		1.0	0.10581340217358301	6.522959832932102	0.3630104642056295	1.0	0.5	0.6666666666666666	2.0	2.0	0.0	4.0	0.5	0.017967425372883424	0.012960757741500725	0.18150523210281475
M_UC.tsv		1.0	0.040441111244599516	0.5439028755655683	0.3635051463723374	0.5	1.0	0.6666666666666666	1.0	0.0	1.0	1.0	0.5	0.0	0.0	0.1817525731861687
